idArticulo,DescProducto
10702,SILICONA GRIS UTK SUPER GREY 85GR GRANDE
10960,REFRIGERANTE PRESTONE  33  GALO
11395,BUJIA NGK 58 1E RL 7938 NISSA
11397,BUJIA NGK 58 1E RL EP 695
11509,EMPAQUE BALANCIN HYUNDAIKIA G4FCG4FAELA AM
11807,FILTRO AIRE NISSAN SENTRAPULSARSUNNY 1654673C10
1627,FILTRO GASOLINA VW GRANDE 0986452233 GB2233
16404,GOMALACA PEGAMENTO MOTO
17779,SPRAY CARBURADOR OCI VARIOS 250M
17804,BUJIAS ENCENDIDO HYUNDAIKIA RIO 1578 1885510060
20301,TAPA RADIADOR JAPON 13 lb
23900,BUJIA NG
3882,ACEITE VALVOLINE RACING 20W50 GALO
3883,ACEITE CASTROL GTX MULTIGRADO 20W50 GALO
4827,BOBINA ENCENDIDO RIO 201
9776,MANGUERA ACEITE 516 X CM
9950,REFRIGERANTE COOLANT AZULNATURAL TRANSP GALON FRES
